云服务采购项目-03包云环境国产化软件及安全服务采购结算价格,Unnamed: 1,Unnamed: 2,Unnamed: 3,Unnamed: 4,Unnamed: 5,Unnamed: 6,Unnamed: 7,Unnamed: 8,Unnamed: 9
序号,服务分类,服务内容,服务详情,服务内容描述,数量,单位,清单目录单价 (元),折扣系数,实际单价（元）
1,数据库服务,国产关系型数据库务,达梦数据库,达梦数据库-标准版,1,套/日,289.97,0.98,284.17
2,数据库服务,国产关系型数据库务,达梦数据库,达梦数据库-企业版,1,套/日,424.22,0.98,415.74
3,数据库服务,国产关系型数据库务,达梦数据库,达梦数据库集群版,1,套/日,263.12,0.98,257.86
4,数据库服务,国产关系型数据库务,人大金仓数据库,人大金仓数据库-标准版,1,套/日,96.66,0.98,94.73
5,数据库服务,国产关系型数据库务,人大金仓数据库,人大金仓数据库-企业版,1,套/日,169.69,0.98,166.3
6,数据库服务,国产关系型数据库务,人大金仓数据库,人大金仓数据库集群版,1,套/日,96.66,0.98,94.73
7,数据库服务,国产关系型数据库务,神通数据库管理软件,神通数据库管理软件订阅版,1,套/日,187.94,0.98,184.18
8,数据库服务,国产关系型数据库务,华为Gauss数据库,华为Gauss数据库,1,套/日,283.53,0.98,277.86
9,数据库服务,国产关系型数据库务,华为Taurus数据库,华为Taurus数据库,1,套/日,43.87,0.98,42.99
10,数据库服务,国产关系型数据库务,海量数据库管理软件,海量数据库管理软件,1,套/日,284.6,0.98,278.91
11,数据库服务,国产关系型数据库务,万里数据库,万里数据库,1,套/日,490,0.98,480.2
12,数据库服务,国产关系型数据库务,腾迅数据库TDSQL-C,腾迅数据库TDSQL-C,1,套/日,490,0.98,480.2
13,数据库服务,国产关系型数据库务,OceanBase,OceanBase,1,套/日,87.42,0.98,85.67
14,数据库服务,国产向量数据库,海贝TRSv10,海贝TRSv10,1,节点,264600,0.98,259308
15,数据库服务,国产向量数据库,海贝TRSv10,海贝TRSv10维保费,1,节点/每年,26460,0.98,25930.8
16,数据库服务,向量数据库,南大通用向量数据库系统GBase 8a,"1.南大通用集中式安全数据库管理系统;
2.南大通用分布式数据库集群系统;
3.南大通用向量数据库系统（定制化）;
报价为三种任选其一",1,套/日,441,0.98,432.18
17,数据库服务,国产图数据库,GDMBASE蜀天梦图数据库,GDMBASE蜀天梦图数据库标准版（单节点部署）,1,套,294000,0.98,288120
18,数据库服务,国产图数据库,GDMBASE蜀天梦图数据库,GDMBASE蜀天梦图数据库企业版版（支持分布式部署，最少3节点）,1,节点,588000,0.98,576240
19,数据库服务,国产图数据库,GDMBASE蜀天梦图数据库,蜀天梦图知识图谱平台,1,套,784000,0.98,768320
20,数据库服务,国产图数据库,蚂蚁TuGraph,蚂蚁TuGraph,1,套/日,1738.52,0.98,1703.75
21,中间件服务,国产中间件,东方通中间件,东方通中间件-订阅,1,套/日,72.49,0.98,71.04
22,中间件服务,国产中间件,金蝶中间件,金蝶Apusic应用服务器软件,1,套/日,72.49,0.98,71.04
23,中间件服务,国产中间件,宝蓝德,宝兰德应用服务器软件订阅版,1,套/日,72.49,0.98,71.04
24,中间件服务,国产中间件,普元,普元应用服务器软件,1,套/日,72.49,0.98,71.04
25,中间件服务,国产中间件,中创,中创应用服务器软件企业版-订阅-按年,1,套/日,72.49,0.98,71.04
26,操作系统服务,操作系统,银河麒麟高级服务器操作系统,银河麒麟高级服务器操作系统,1,套/日,5.64,0.98,5.53
27,操作系统服务,操作系统,统信服务器操作系统订阅版,统信服务器操作系统订阅版,1,套/日,5.64,0.98,5.53
28,操作系统服务,操作系统,中标麒麟等操作,中标麒麟等操作,1,套/日,7.52,0.98,7.37
29,操作系统服务,操作系统,EulerOS,EulerOS,1,套/日,5.9,0.98,5.78
30,操作系统服务,操作系统,OpenEuler,OpenEuler,1,镜像,0,0.98,0
31,操作系统服务,操作系统,ubuntu,ubuntu,1,镜像,0,0.98,0
32,安全服务,网络安全服务,主机安全防护-VM,1、病毒查杀：病毒查杀能力，支持强力查杀功能，对于无法普通隔离的病毒文件强制停止进程并隔离或动态移除到删除队列；2、进程防护：使用内核驱动技术，每当有进程启动时从操作系统内核中可以得到通知，获取到包括进程路径等一系列上下文信息后，可以根据用户设置的白名单直接拒绝或放行；3、可疑行为检测：监控操作系统中横向命令，及时告警；4、异常进程行为监控：提供策略级异常进程监控能力；5、网络对外连接审计：实时记录进程对外连接情况，提供通信矩阵视图。,1,VM/日,1.18,0.98,1.16
33,安全服务,网络安全服务,主机安全防护-PC,1、病毒查杀：病毒查杀能力，支持强力查杀功能，对于无法普通隔离的病毒文件强制停止进程并隔离或动态移除到删除队列；2、进程防护：使用内核驱动技术，每当有进程启动时从操作系统内核中可以得到通知，获取到包括进程路径等一系列上下文信息后，可以根据用户设置的白名单直接拒绝或放行；3、可疑行为检测：监控操作系统中横向命令，及时告警；4、异常进程行为监控：提供策略级异常进程监控能力；5、网络对外连接审计：实时记录进程对外连接情况，提供通信矩阵视图。,1,PC/日,0.2,0.98,0.2
34,安全服务,网络安全服务,网页防篡改-单节点,1、网页文件保护：动态和静态网页文件进行保护，设置网站目录、文件的读写权限，限制文件目录的增、删、改操作行为，确保网页文件不被非法篡改；2、网络攻击防护：防止SQL注入式攻击。防攻击模块的安全特征库会定期升级，保障其强大的检测和防御能力；3、集中管理：监测多主机实时状态，制定保护规则，接收Web服务器的报警和日志信息，并可对Web服务器的日志和报警情况做统计析；4、实时告警：对非法篡改行为，系统会自动记录报警日志，并通过手机短信、电子邮件、Syslog、SNMP等多种方式通知管理员。,1,VM/日,18.88,0.98,18.5
35,安全服务,网络安全服务,云堡垒机（1资产）,支持1个资产1、账号管理：集中管理所有服务器、网络设备账号，对账号整个生命周期进行监控和管理；2、身份认证：提供多种认证方式的统一认证接口，支持与第三方认证服务器结合；3、资源授权：提供统一的界面对用户、角色及行为和资源进行授权，达到对权限的细粒度控制；4、访问控制：提供自定义控制策略配置，实现细粒度的访问控制；5、操作审计：审计账号使用（登录、资源访问）情况、资源使用情况等，并提供全方面的运维审计报表。,1,套/日,1.99,0.98,1.95
36,安全服务,网络安全服务,云堡垒机（20资产）,最大支持20个资产，20个并发会话数。,1,套/日,26.14,0.98,25.62
37,安全服务,网络安全服务,云堡垒机（50资产）,1、支持50个资产、50个并发会话数。2、账号管理：集中管理所有服务器、网络设备账号，对账号整个生命周期进行监控和管理；3、身份认证：提供多种认证方式的统一认证接口，支持与第三方认证服务器结合；4、资源授权：提供统一的界面对用户、角色及行为和资源进行授权，达到对权限的细粒度控制；5、访问控制：提供自定义控制策略配置，实现细粒度的访问控制；5、操作审计：审计账号使用（登录、资源访问）情况、资源使用情况等，并提供全方面的运维审计报表。6、资产授权：不限资产数量。,1,套/日,34.39,0.98,33.7
38,安全服务,网络安全服务,云堡垒机（100资产）,100资产授权，即可以纳管100台资产（如服务器、数据库、网络设备等）。,1,套/日,54.61,0.98,53.52
39,安全服务,网络安全服务,云堡垒机（不限资产数量）,"1、账号管理：集中管理所有服务器、网络设备账号，对账号整个生命周期进行监控和管理；
2、身份认证：提供多种认证方式的统一认证接口，支持与第三方认证服务器结合；
3、资源授权：提供统一的界面对用户、角色及行为和资源进行授权，达到对权限的细粒度控制；
4、访问控制：提供自定义控制策略配置，实现细粒度的访问控制；
5、操作审计：审计账号使用（登录、资源访问）情况、资源使用情况等，并提供全方面的运维审计报表；
6、资产授权：不限资产数量。",1,套/日,322.86,0.98,316.4
40,安全服务,网络安全服务,日志审计-单日志源,"1、日志审计要求提供全面的智能收集功能。包括通过连接检查和完整性检查以及可自定义的缓存功能，确保系统接收到所有数据，配置过滤和聚合功能可以消除无关数据，并且合并重复的设备日志；
2、标准化日志：将各类日志统一进行解析识别，包括各种安全事件日志（攻击、入侵、异常）、各种行为事件日志（内控、违规）、各种弱点扫描日志（弱点、漏洞）、各种状态监控日志（可用性、性能、状态）；
3、日志解析能力：解析功能和动态规划算法，实现灵活的未解析日志事件处理，同时支持多种解析方法（如正则表达式、分隔符、MIB信息映射配置等）。要求保证事件分析保持高效率和及时性；
4、提供服务器、安全设备等日志审计与分析；支持日志源数量：1个；通过专享安全服务方式，对网络设备、安全设备、主机和应用系统日志进行全面的标准化处理，及时发现各种安全威胁、异常行为事件，为管理人员提供全局的视角，确保业务的不间断运营安全。
5、不包含云化部署需要占用的云资源。",1,套/日,0.84,0.98,0.82
41,安全服务,网络安全服务,日志审计-20日志源,、日志审计要求提供全面的智能收集功能。包括通过连接检查和完整性检查以及可自定义的缓存功能，确保系统接收到所有数据，配置过滤和聚合功能可以消除无关数据，并且合并重复的设备日志；2、标准化日志：将各类日志统一进行解析识别，包括各种安全事件日志（攻击、入侵、异常）、各种行为事件日志（内控、违规）、各种弱点扫描日志（弱点、漏洞）、各种状态监控日志（可用性、性能、状态）；3、日志解析能力：解析功能和动态规划算法，实现灵活的未解析日志事件处理，同时支持多种解析方法（如正则表达式、分隔符、MIB信息映射配置等）。要求保证事件分析保持高效率和及时性；4、提供服务器、安全设备等日志审计与分析；支持日志源数量：20个；通过专享安全服务方式，对网络设备、安全设备、主机和应用系统日志进行全面的标准化处理，及时发现各种安全威胁、异常行为事件，为管理人员提供全局的视角，确保业务的不间断运营安全。5、不包含云化部署需要占用的云资源。,1,套/日,16.32,0.98,15.99
42,安全服务,网络安全服务,日志审计-50日志源,1、日志审计要求提供全面的智能收集功能。包括通过连接检查和完整性检查以及可自定义的缓存功能，确保系统接收到所有数据，配置过滤和聚合功能可以消除无关数据，并且合并重复的设备日志；2、标准化日志：将各类日志统一进行解析识别，包括各种安全事件日志（攻击、入侵、异常）、各种行为事件日志（内控、违规）、各种弱点扫描日志（弱点、漏洞）、各种状态监控日志（可用性、性能、状态）；3、日志解析能力：解析功能和动态规划算法，实现灵活的未解析日志事件处理，同时支持多种解析方法（如正则表达式、分隔符、MIB信息映射配置等）。要求保证事件分析保持高效率和及时性；4、提供服务器、安全设备等日志审计与分析；支持日志源数量：50个；通过专享安全服务方式，对网络设备、安全设备、主机和应用系统日志进行全面的标准化处理，及时发现各种安全威胁、异常行为事件，为管理人员提供全局的视角，确保业务的不间断运营安全。5、不包含云化部署需要占用的云资源。,1,套/日,37.5,0.98,36.75
43,安全服务,网络安全服务,日志审计-100日志源,1、日志审计要求提供全面的智能收集功能。包括通过连接检查和完整性检查以及可自定义的缓存功能，确保系统接收到所有数据，配置过滤和聚合功能可以消除无关数据，并且合并重复的设备日志；2、标准化日志：将各类日志统一进行解析识别，包括各种安全事件日志（攻击、入侵、异常）、各种行为事件日志（内控、违规）、各种弱点扫描日志（弱点、漏洞）、各种状态监控日志（可用性、性能、状态）；3、日志解析能力：解析功能和动态规划算法，实现灵活的未解析日志事件处理，同时支持多种解析方法（如正则表达式、分隔符、MIB信息映射配置等）。要求保证事件分析保持高效率和及时性。4、提供服务器、安全设备等日志审计与分析；支持日志源数量100个；通过专享安全服务方式，对网络设备、安全设备、主机和应用系统日志进行全面的标准化处理，及时发现各种安全威胁、异常行为事件，为管理人员提供全局的视角，确保业务的不间断运营安全。5、不包含云化部署需要占用的云资源。,1,套/日,74.77,0.98,73.27
44,安全服务,网络安全服务,数据库审计（1个数据库实例）,1、要求提供事前安全风险评估：自动完成对多种数据库配置、潜在弱点、数据库用户弱口令、数据库软件补丁等的漏洞检测；2、实时行为监控：数据库审计服务会自动根据预设置的风险控制策略，结合对数据库活动的实时监控信息，进行特征检测及审计规则检测，任何尝试的攻击或违反审计规则的操作都会被检测到并实时阻断或告警；3、双向审计：系统通过对双向数据包的解析、识别及还原，不仅对数据库操作请求进行实时审计，利于事后的取证和追溯；4、要求支持多种数据库接口进行审计。支持的数据库类型：MySQL、Oracle、PostgreSQL、SQLServer、(DM8）、金仓（V8）等；5、不包含云化部署需要占用的云资源。,1,套/日,36.15,0.98,35.43
45,安全服务,网络安全服务,数据库审计（5个数据库实例）,1、要求提供事前安全风险评估：自动完成对多种数据库配置、潜在弱点、数据库用户弱口令、数据库软件补丁等的漏洞检测；2、实时行为监控：数据库审计服务会自动根据预设置的风险控制策略，结合对数据库活动的实时监控信息，进行特征检测及审计规则检测，任何尝试的攻击或违反审计规则的操作都会被检测到并实时阻断或告警；3、双向审计：系统通过对双向数据包的解析、识别及还原，不仅对数据库操作请求进行实时审计，利于事后的取证和追溯；4、要求支持多种数据库接口进行审计。支持的数据库类型：MySQL、Oracle、PostgreSQL、SQLServer、(DM8）、金仓（V8）等。5、不包含云化部署需要占用的云资源。,1,套/日,144.87,0.98,141.97
46,安全服务,网络安全服务,数据库审计（10个数据库实例）,1、要求提供事前安全风险评估：自动完成对多种数据库配置、潜在弱点、数据库用户弱口令、数据库软件补丁等的漏洞检测；2、实时行为监控：数据库审计服务会自动根据预设置的风险控制策略，结合对数据库活动的实时监控信息，进行特征检测及审计规则检测，任何尝试的攻击或违反审计规则的操作都会被检测到并实时阻断或告警；3、双向审计：系统通过对双向数据包的解析、识别及还原，不仅对数据库操作请求进行实时审计，利于事后的取证和追溯；4、要求支持多种数据库接口进行审计。支持的数据库类型：MySQL、Oracle、PostgreSQL、SQLServer、(DM8）、金仓（V8）等。5、不包含云化部署需要占用的云资源。,1,套/日,267.72,0.98,262.37
47,安全服务,网络安全服务,防火墙（500M吞吐量）,1、500M吞吐量，包含FW/IPS/AV模块；全面保障L2-L7安全的安全网关产品。通过专享安全服务方式，以用户识别、应用识别为基础，提供防火墙、入侵防护、防病毒、内容过滤、URL过滤等多重安全功能。2、不包含云化部署需要占用的云资源。,1,套/日,40.57,0.98,39.76
48,安全服务,网络安全服务,防火墙（1G吞吐量）,1、1G吞吐量，包含FW/IPS/AV模块；全面保障L2-L7安全的安全网关产品。通过专享安全服务方式，以用户识别、应用识别为基础，提供防火墙、入侵防护、防病毒、内容过滤、URL过滤等多重安全功能。2、不包含云化部署需要占用的云资源。,1,套/日,55.17,0.98,54.07
49,安全服务,网络安全服务,防火墙（2G吞吐量）,1、2G吞吐量，包含FW/IPS/AV模块；全面保障L2-L7安全的安全网关产品。通过专享安全服务方式，以用户识别、应用识别为基础，提供防火墙、入侵防护、防病毒、内容过滤、URL过滤等多重安全功能。2、不包含云化部署需要占用的云资源。,1,套/日,67.21,0.98,65.87
50,安全服务,网络安全服务,VPN-10用户,1、在通信双方之间建立加密连接的方法保证数据传输的机密性，建立传输安全防护体系，解决了数据在传输过程中被非法获取、篡改的风险。提供授权数量：10用户。2、不包含云化部署需要占用的云资源。,1,套/日,23.23,0.98,22.77
51,安全服务,网络安全服务,VPN-50用户,1、在通信双方之间建立加密连接的方法保证数据传输的机密性，建立传输安全防护体系，解决了数据在传输过程中被非法获取、篡改的风险。提供授权数量：50用户。2、不包含云化部署需要占用的云资源。,1,套/日,59.25,0.98,58.07
52,安全服务,网络安全服务,VPN-100用户,在通信双方之间建立加密连接的方法保证数据传输的机密性，建立传输安全防护体系，解决了数据在传输过程中被非法获取、篡改的风险。提供授权数量：100用户。2、不包含云化部署需要占用的云资源。,1,套/日,120.45,0.98,118.04
53,安全服务,网络安全服务,VPN-500用户,1、在通信双方之间建立加密连接的方法保证数据传输的机密性，建立传输安全防护体系，解决了数据在传输过程中被非法获取、篡改的风险。提供授权数量：500用户。2、不包含云化部署需要占用的云资源。,1,套/日,195.09,0.98,191.19
54,安全服务,网络安全服务,WEB应用防火墙－站点授权,单实例保护1个域名，防护带宽10Mpbs。,1,套/日,25.45,0.98,24.94
55,安全服务,网络安全服务,WEB应用防火墙-20M防护流量授权,WEB应用防火墙－防护流量20Mbps，HTTP最大新建连接数3000，HTTP最大并发连接数30000；Web应用防火墙是一款专注为网站、APP等Web应用提供安全防护的专业应用安全防护产品。通过专享安全服务方式，实现HTTP协议规范性检查、注入攻击防护、跨站脚本攻击防护、网页木马防护、信息泄露防护、三方组件漏洞防护、CSRF跨站请求伪造防护等能力。,1,套/日,31.88,0.98,31.24
56,安全服务,网络安全服务,WEB应用防火墙-50M防护流量授权,防护流量50Mbps，HTTP最大并发连接数50000，HTTP最大新建数5000；Web应用防火墙是一款专注为网站、APP等Web应用提供安全防护的专业应用安全防护产品。通过专享安全服务方式，实现HTTP协议规范性检查、注入攻击防护、跨站脚本攻击防护、网页木马防护、信息泄露防护、三方组件漏洞防护、CSRF跨站请求伪造防护等能力。,1,套/日,64.5,0.98,63.21
57,安全服务,网络安全服务,APT威胁检测（100M）,性能：100M；对各种WEB攻击、邮件社工类攻击进行检测；多维度全方位发现失陷主机；识别内网中横向扩散及渗透攻击行为；对检测对象的会话特征进行多维度监控统计；对流量中的资产进行统计分析；提供综合威胁分析、主机威胁分析、外部威胁分析等多个智能报表；提供综合管理和关联分析能力。,1,套/日,62.6,0.98,61.35
58,安全服务,网络安全服务,APT威胁检测（1G）,性能：1G；对各种WEB攻击、邮件社工类攻击进行检测；多维度全方位发现失陷主机；识别内网中横向扩散及渗透攻击行为；对检测对象的会话特征进行多维度监控统计；对流量中的资产进行统计分析；提供综合威胁分析、主机威胁分析、外部威胁分析等多个智能报表；提供综合管理和关联分析能力。,1,套/日,109.44,0.98,107.25
59,安全服务,态势感知服务,态势感知服务,态势感知服务,1,套/日,1208.22,0.98,1184.06
60,安全服务,可信计算,可信主机防护系统,对云平台内所有形态主机进行可信管控,1,核/日,13.92,0.98,13.64
61,安全服务,可信计算,可信边缘防护系统,对边缘计算装置整体运行提供可靠安全保障,1,点/日,12.94,0.98,12.68
62,安全服务,可信计算,可信终端防护系统,对可信终端提供安全保障,1,点/日,1.61,0.98,1.58
63,安全服务,网络安全服务,等级保护二级所需的基本能力套餐,支持等保二级云防护基础版包括：防火墙50M，主机EDR（不含防篡改）10个授权，堡垒机10个授权，日志审计10个授权。,1,实例/日,93.97,0.98,92.09
64,安全服务,网络安全服务,提供等级保护三级所需的基本能力套餐,支持等保三级云防护基础版、下一代防火墙50M，主机EDR（不含防篡改）10个授权，堡垒机10个授权，日志审计10个授权、数据库审计实例2个、洞扫描10个资产/IP。,1,实例/日,177.2,0.98,173.66
65,安全服务,密码安全服务,时间戳服务,对外提供时间戳签署服务，包括数字时间戳、交叉认证等。（软件镜像）,1,项,98000,0.98,96040
66,安全服务,密码安全服务,协同签名服务,面向移动终端软件密码模块提供证书管理、密钥管理、协同运算等服务。（软件镜像）,1,项,98000,0.98,96040
67,安全服务,密码安全服务,电子签章服务,根据业务应用场景需要集成其他签名类密码产品，扩展出对应的密码安全服务，比如电子签章制作、电子签章验证服务等，使用签章次数不限。（软件镜像）,1,项,98000,0.98,96040
68,安全服务,密码安全服务,数据库透明加密服务,对数据库实现安全加固，有效解决数据库存储文件明文泄漏、数据库管理员对敏感数据的非法访问、绕过合法应用的数据库操作等安全风险。（软件镜像）,1,项,98000,0.98,96040
69,安全服务,密码安全服务,二级密码模块服务,满足用户对移动办公场景中用户证书、密钥的使用安全需求。密码模块采用了 SM2、SM3、SM4等密码算法，对外提供标准的密码应用接口，并支持为第三方应用提供密码运算、证书管理等功能提供安全服务、空中发证、签名验签服务、运营管理服务、增值信息服务等能力。（软件产品）,1,套,78400,0.98,76832
70,安全服务,密码安全服务,智能密码钥匙（USBKey）,数字证书和私钥的安全载体，支持在硬件中进行加密运算，保证数字证书和私钥的合法使用。（硬件产品）,1,个,29.4,0.98,28.81
71,安全服务,密码安全服务,个人数字证书,由可信认证机构（CA）颁发，用于验证个人客户端身份、加密传输数据及保障数据完整性。,1,个/年,29.4,0.98,28.81
72,安全服务,密码安全服务,站点数字证书,由可信认证机构（CA）颁发，用于验证服务器与客户端身份、加密传输数据及保障数据完整性。,1,个/年,2940,0.98,2881.2
73,安全服务,密码安全服务,国密浏览器,在云平台与云平台管理员、租户之间建立安全通信通道，部署在客户端；兼容SM2、SM3、SM4等密码算法；支持双证书体系（加密证书+签名证书），强化通信链路安全性，自动识别并调用合规加密模块，确保业务系统无缝衔接。（软件产品）,1,个,49,0.98,48.02
74,安全服务,密码安全服务,密码综合管理服务,对云上应用系统提供统一对外服务接口，对业务应用系统重要数据的不同算法、不同类型、不同方式的加解密服务，以及身份认证、数字签名服务、数字验签服务、数据加密服务、数据解密服务等，并支持对密码设备、资源的集中管理、密钥的集中管理、密码应用的态势感知。（软件平台）,1,套,735000,0.98,720300
75,安全服务,密码安全服务,云服务器密码机,为密码综合管理服务平台提供密钥管理服务，将物理服务器密码机的网络虚拟成不同网络的服务器密码设备，可以为不同网段上的用户应用提供密码服务，处于不同网段的服务器密码机之间网络隔离。通过划分密钥存储区域实现密钥隔离，对密钥进行全程加密。以及密钥生命周期管理，提供密钥托管、对称密钥管理和非对称密钥管理等功能。（硬件设备）,1,台,196000,0.98,192080
76,安全服务,密码安全服务,网络和通讯安全传输服务,通过隧道技术将数据链路层的数据包封装后传输，使得用户能够通过公共网络实现安全的点对点连接。（硬件设备）,1,台,83300,0.98,81634
77,安全服务,密码安全服务,咨询服务,业务应系统调研（系统现状、关键业务数据、业务流程等梳理）、密码应用风险分析，密码应用需求分析，密码应用符合性分析，密码应用总体应用框架设计，密码应用关键应用流程设计等；根据用户应用情况定制密码应用方案。（咨询服务）,1,次,58800,0.98,57624
78,安全服务,运行安全服务,渗透测试服务－针对重要系统,渗透测试服务－针对单个业务系统。1.服务内容：通过人工方式，采取黑盒的测试形式，发现网络和业务系统中网络和系统存在的安全缺陷，提供渗透测试报告和改进建议。对应用系统按照业务流程进行渗透测试工作，测试范围包括应用系统、中间件、操作系统、数据库、接口程序等；2.服务形式：提供云端安全渗透测试专家+提供1名驻场渗透测试工程师；3.服务要求：提供必要的渗透工具，根据应用系统建设方的需求，对前端、应用服务器和APP程序进行渗透测试，漏洞修复后进行复测验证修复效果，提供《渗透测试报告》；4.服务范围：云上系统。,1,系统/次,23826.74,0.98,23350.21
79,安全服务,运行安全服务,源代码安全检查－针对重要系统,"源代码安全检查－针对单个业务系统；依据OWASPTOP10，通过工具扫描、人工确认、人工代码抽查等方式，对Web应用进行脆弱性（SQL注入、跨站脚本等）、权限（权限控制不严格、表单逻辑处理错误等）、结构的安全检查，发现源代码中存在的安全风险。审计语言包括：Java、C#、PHP、C/C++、Python、Beego等。审计范围包括：
1、第三方类库安全审计：由资深代码审计工程师对信息系统开发过程中所引入的第三方类库进行漏洞审计，依据CNVD、CVE出具第三方类库漏洞审计内容，提供修复建议；
2、前后端开发技术框架安全审计：由资深代码审计工程师对搭建信息系统所使用的前后端技术架构进行安全审计，依据CNVD、CVE出具前后端开发技术架构洞审计内容，提供修复建议；
3、开源插件、组件安全审计：由资深代码审计工程师对搭建信息系统所使用的开源插件、组件进行安全审计，依据CNVD、CVE出具开源插件、组件漏洞审计内容，提供修复建议。",1,系统/次,48118,0.98,47155.64
80,安全服务,运行安全服务,攻防演练评估服务,"全云全域范围。
1.服务内容：通过安全服务商尽可能最真实且现实的方式模拟可能的攻击者的行为和技术，为客户提供测试安全策略与防范技术的有效性的服务。检测网络安全纵深防护能力、应急响应手段是否有效以及清楚的了解高级攻击产生的最大危害，帮助客户强化防护能力、完善应急响应手段、引导正确的安全建设方向等；
2.服务形式：在攻防演练服务期间，至少提供4名现场安全防守专家+云端支持团队+安全攻防相关专业工具；
3.服务要求：远程加现场以人工评估为主，安全攻防专家使用专业攻防技术工具为辅，采取信息收集、社会工程学攻击、应用系统（含客户端）渗透、基础网络组件渗透、主机操作系统渗透、数据库渗透、网络设备渗透、不同网段间的渗透等手段中的最适合方式进行。整个评估过程，基于渗透测试执行标准（PETS）和信息系统安全评估标准（ISSAF），并确保提供一个完整、全面的网络层、应用层渗透测试等方式中最适用的方式进行，最终在每次攻防演练后提供《红、蓝队评估服务工作方案》《红、蓝队评估测试报告》《红、蓝队工作日报》《红蓝对抗总结报告》，并且每年不少于2次，每次不少于50人天，每年不少于100人天。",1,年,263522,0.98,258251.56
81,安全服务,运行安全服务,高级应急响应服务,当安全事件发生时，安全团队分析判断事件因果、降低损失、提供有效的问题解决建议。根据事件类别，通过远程和现场支持的方式协助对事件进行紧急分析和处理。通过事件分析、原因查找、事件处置、证据保留及事件溯源等方式，快速解决信息安全事件及问题，恢复业务及系统的安全运行，并确保所有事件应急处置过程得到有效控制和记录。在需要司法机关介入时，提供法律认可的数字证据。输出《安全事件应急处置报告》《安全事件加固处置建议》。,1,次,87710,0.98,85955.8
82,安全服务,运行安全服务,安全漏洞扫描服务（单系统）,按次提供安全漏洞扫描服务（单系统），集主机安全扫描、网站安全扫描、数据安全扫描、弱口令发现和基线配置核查于一体的功能，能够精准评估多维度资产的安全风险，准确发现网络中各主机、设备存在的网络安全漏洞，并给出详细的描述和解决方案，从根本解决网络安全问题；扫描频次：单次扫描服务。,1,次,2465.29,0.98,2415.98
83,安全服务,运行安全服务,安全漏洞扫描服务（不限资产）,"全云全域范围按年提供安全漏洞扫描服务（每季度一次扫描，共4次扫描），包括以下功能：1、主机扫描：用于分析和指出有关网络的安全漏洞及被测系统的薄弱环节，给出详细的检测报告，并针对检测到的网络安全隐患给出相应的修补措施和安全建议；
2、网站扫描：可以帮助用户充分了解Web应用存在的安全隐患，建立安全可靠的Web应用服务，改善并提升应用系统抗各类Web应用攻击的能力；
3、数据库扫描：帮助用户充分了解数据库存在的安全隐患，通过定期数据库系统安全自我检测与评估，提升用户各类数据库的抗风险能力；
4、基线核查：全面覆盖操作系统、数据库、中间件、防火墙、路由器、交换机等设备类型，出具修复加固建议报告。",1,项/年,139454,0.98,136664.92
84,安全服务,运行安全服务,暴露面检查服务-针对整体,暴露面检查服务-针对整体,1,次,98000,0.98,96040
85,安全服务,运行安全服务,信息安全风险评估,信息安全风险评估服务,1,次,83300,0.98,81634
